Title,Authors,Contributors,ISBN/UID,Format,Read Status,Date Added,Last Date Read,Dates Read,Read Count,Moods,Pace,Character- or Plot-Driven?,Strong Character Development?,Loveable Characters?,Diverse Characters?,Flawed Characters?,Star Rating,Review,Content Warnings,Content Warning Description,Tags,Owned?
The Julian Chapter,R.J. Palacio,"",9780553499087,digital,read,2024/02/10,"","",1,"",,,,,,,,,"",,"",No
"Everything I Learned, I Learned in a Chinese Restaurant",Curtis Chin,"",9780316507653,hardcover,to-read,2024/02/10,"","",0,"",,,,,,,,,"",,"",No
Ariadne,Jennifer Saint,"",9781250773586,hardcover,to-read,2024/02/17,"","",0,"",,,,,,,,,"",,"",No
The Hidden Oracle,Rick Riordan,"",9781484785003,hardcover,read,2024/02/10,"","",1,"",,,,,,,,,"",,"",No
The Hunger Games,Suzanne Collins,"",9780439023481,hardcover,read,2024/02/10,"","",1,"",,,,,,,,,"",,"",No
Mockingjay,Suzanne Collins,"",9780439023511,hardcover,read,2024/02/10,"","",1,"",,,,,,,,,"",,"",No
The Crown of Ptolemy,Rick Riordan,"",9781484709870,digital,read,2024/02/10,"","",1,"",,,,,,,,,"",,"",No
How to Win Friends and Influence People,Dale Carnegie,"",B003WEAI4E,digital,read,2024/02/17,2022/09,2022/09,1,"",,,,,,,,,"",,"",No
The Red Pyramid,Rick Riordan,Matt Griffin (Illustrator),9781368013581,paperback,read,2024/02/10,"","",1,"",,,,,,,,,"",,"",No
The Serpent's Shadow,Rick Riordan,Matt Griffin (Illustrator),9781368013574,paperback,read,2024/02/10,"","",1,"",,,,,,,,,"",,"",No
The Ship of the Dead,Rick Riordan,"",9781423160939,hardcover,read,2024/02/10,"","",1,"",,,,,,,,,"",,"",No
Daughter of the Pirate King,Tricia Levenseller,"",9781250095961,hardcover,to-read,2024/02/10,"","",0,"",,,,,,,,,"",,"",No
Better Than the Movies,Lynn Painter,"",9781534467620,hardcover,to-read,2024/02/10,"","",0,"",,,,,,,,,"",,"",No
The Last Ever After,Soman Chainani,"",9780062104953,hardcover,read,2024/02/10,"","",1,"",,,,,,,,,"",,"",No
The Righteous Mind: Why Good People Are Divided by Politics and Religion,Jonathan Haidt,"",9780307907035,digital,to-read,2024/02/10,"","",0,"",,,,,,,,,"",,"",No
Wonder,R.J. Palacio,"",9780370332284,hardcover,read,2024/02/10,"","",1,"",,,,,,,,,"",,"",No
The Last Olympian,Rick Riordan,"",9781368051453,paperback,read,2024/02/10,"","",1,"",,,,,,,,,"",,"",No
The Staff of Serapis,Rick Riordan,John Rocco (Illustrator),9781484721346,digital,read,2024/02/10,"","",1,"",,,,,,,,,"",,"",No
The Throne of Fire: The Graphic Novel,"Orpheus Collar, Rick Riordan","",9781484719343,digital,read,2024/02/10,"","",1,"",,,,,,,,,"",,"",No
Twelve,Jennifer Lynn Barnes,"","",digital,read,2024/02/10,"","",1,"",,,,,,,,,"",,"",No
Killer Instinct,Jennifer Lynn Barnes,"",9780316540728,paperback,read,2024/02/10,2023/07,2023/07,1,"",,,,,,,,,"",,"",No
"Emotional Intelligence: For a Better Life, success at work, and happier relationships. Improve Your Social Skills, Emotional Agility and Discover Why it Can Matter More Than IQ. (EQ 2.0)",Brandon Goleman,"",,,to-read,2024/02/10,"","",0,"",,,,,,,,,"",,"",No
These Violent Delights,Chloe Gong,"",9781534457713,digital,read,2024/02/17,2023/04,2023/04,1,"",,"","","","","",4.5,"","","","",No
No Longer Human,Osamu Dazai,Donald Keene (Translator),9780811204811,paperback,to-read,2024/02/10,"","",0,"",,,,,,,,,"",,"",No
Autobiography of Red,Anne Carson,"",9780375701290,paperback,to-read,2024/02/10,"","",0,"",,,,,,,,,"",,"",No
Island of Silence,Lisa McMann,"",9781442407718,hardcover,read,2024/02/10,"","",1,"",,,,,,,,,"",,"",No
The City We Became,N.K. Jemisin,"",9780316509848,hardcover,to-read,2024/02/10,"","",0,"",,,,,,,,,"",,"",No
The Chalice of the Gods,Rick Riordan,"",9781368098175,hardcover,read,2024/02/10,2024/01,2024/01,1,"",,,,,,,,,"",,"",No
Breasts and Eggs,Mieko Kawakami,"Sam Bett (Translator), David Boyd (Translator)",9781609455873,hardcover,to-read,2024/02/10,"","",0,"",,,,,,,,,"",,"",No
Pluto,R.J. Palacio,"",,digital,read,2024/02/10,"","",1,"",,,,,,,,,"",,"",No
Outline,Rachel Cusk,"",9780571233625,hardcover,to-read,2024/02/24,"","",0,"",,,,,,,,,"",,"",No
Foul Heart Huntsman,Chloe Gong,"",9781665905619,hardcover,to-read,2024/02/10,"","",0,"",,,,,,,,,"",,"",No
Mort,Terry Pratchett,"",9780061020681,paperback,to-read,2024/02/10,"","",0,"",,,,,,,,,"",,"",No
The Grimm Conclusion,Adam Gidwitz,Hugh D'Andrade (Illustrator),9780525426158,hardcover,read,2024/02/10,"","",1,"",,,,,,,,,"",,"",No
Neverseen,Shannon Messenger,"",9781481432306,paperback,read,2024/02/10,"","",1,"",,,,,,,,,"",,"",No
The Sun and the Star,"Mark Oshiro, Rick Riordan","",9781368081153,hardcover,to-read,2024/02/10,"","",0,"",,,,,,,,,"",,"",No
How to Date a Superhero (And Not Die Trying),Cristina Fernandez,"",9780063114302,hardcover,read,2024/02/10,2023/04,2023/04,1,"",,,,,,,,,"",,"",No
The Wishing Spell,Chris Colfer,"",9780316201575,hardcover,read,2024/02/10,"","",1,"",,,,,,,,,"",,"",No
Cloud Atlas,David Mitchell,"",9780375507250,paperback,to-read,2024/02/10,"","",0,"",,,,,,,,,"",,"",No
The Mother Goose Diaries,Chris Colfer,"",9780316383349,hardcover,read,2024/02/10,"","",1,"",,,,,,,,,"",,"",No
A Touch of Darkness,Scarlett St. Clair,"",B09C2PWWNP,digital,to-read,2024/02/10,"","",0,"",,,,,,,,,"",,"",No
Sweet Bean Paste,Durian Sukegawa,Alison Watts (Translator),9781786071958,paperback,to-read,2024/02/24,"","",0,"",,,,,,,,,"",,"",No
All In,Jennifer Lynn Barnes,"",9780316540841,paperback,read,2024/02/10,2023/07,2023/07,1,"",,,,,,,,,"",,"",No
The Argonauts,Maggie Nelson,"",9781555977078,hardcover,to-read,2024/02/10,"","",0,"",,,,,,,,,"",,"",No
The Sea of Monsters,Rick Riordan,"",9781368051491,paperback,read,2024/02/10,"","",1,"",,,,,,,,,"",,"",No
Gregor and the Prophecy of Bane,Suzanne Collins,"",9781338722772,paperback,read,2024/02/10,"","",1,"",,,,,,,,,"",,"",No
Assistant to the Villain,Hannah Nicole Maehrer,"",9781649375803,paperback,to-read,2024/02/24,"","",0,"",,,,,,,,,"",,"",No
The Song of Achilles,Madeline Miller,"",9781408816035,hardcover,read,2024/02/10,2023/04,2023/04,1,"",,"","","","","",4.25,"","","","",No
Yellowface,R.F. Kuang,"",9780008532772,hardcover,to-read,2024/02/10,"","",0,"",,,,,,,,,"",,"",No
Daughter of the Moon Goddess,Sue Lynn Tan,"",9780063031302,hardcover,to-read,2024/02/10,"","",0,"",,,,,,,,,"",,"",No
The Unwanteds,Lisa McMann,"",9781442407688,hardcover,read,2024/02/10,"","",1,"",,,,,,,,,"",,"",No
Quests for Glory,Soman Chainani,"",9780062658470,hardcover,read,2024/02/10,"","",1,"",,,,,,,,,"",,"",No
The Titan's Curse,Rick Riordan,"",9781368051484,paperback,read,2024/02/10,"","",1,"",,,,,,,,,"",,"",No
The Red Pyramid: The Graphic Novel,"Orpheus Collar, Rick Riordan",Orpheus Collar (Illustrator),9781423150688,hardcover,read,2024/02/10,"","",1,"",,,,,,,,,"",,"",No
The Sunbearer Trials,Aiden Thomas,"",9781250822130,hardcover,to-read,2024/02/10,"","",0,"",,,,,,,,,"",,"",No
Gregor the Overlander,Suzanne Collins,"",9781338722765,paperback,read,2024/02/10,"","",1,"",,,,,,,,,"",,"",No
A Tale of Sorcery...,Chris Colfer,"",9780316055994,hardcover,to-read,2024/02/11,"","",0,"",,,,,,,,,"",,"",No
The Enchantress Returns,Chris Colfer,Brandon Dorman (Illustrator),9780316201544,hardcover,read,2024/02/10,"","",1,"",,,,,,,,,"",,"",No
Sky in the Deep,Adrienne Young,"",9781250168450,hardcover,to-read,2024/02/10,"","",0,"",,,,,,,,,"",,"",No
Legends & Lattes,Travis Baldree,"",9798985663211,paperback,to-read,2024/02/21,"","",0,"",,,,,,,,,"",,"",No
Never Split the Difference: Negotiating as If Your Life Depended on It,Chris Voss,Tahl Raz,9780062407801,hardcover,to-read,2024/02/10,"","",0,"",,,,,,,,,"",,"",No
The Fourth Wing,Rebecca Yarros,"","",audio,to-read,2024/02/10,"","",0,"",,,,,,,,,"",,"",No
Light from Uncommon Stars,Ryka Aoki,"",9781250789068,hardcover,to-read,2024/02/21,"","",0,"",,,,,,,,,"",,"",No
Serpent & Dove,Shelby Mahurin,"",9780062878021,hardcover,to-read,2024/02/10,"","",0,"",,,,,,,,,"",,"",No
The Perks of Being a Wallflower,Stephen Chbosky,"",9781471133466,paperback,read,2024/02/10,"","",1,"",,,,,,,,,"",,"",No
Lioness,Emily Perkins,"",9781526660671,paperback,to-read,2024/02/24,"","",0,"",,,,,,,,,"",,"",No
The Library of the Unwritten,A.J. Hackwith,"",9781984806383,digital,to-read,2024/02/10,"","",0,"",,,,,,,,,"",,"",No
The Darkest Minds,Alexandra Bracken,"",9781423157373,hardcover,to-read,2024/02/10,"","",0,"",,,,,,,,,"",,"",No
Shingaling,R.J. Palacio,"","",,read,2024/02/10,"","",1,"",,,,,,,,,"",,"",No
Tweet Cute,Emma Lord,"",9781250237323,hardcover,read,2024/02/10,2024/02/22,2024/02/21-2024/02/22,1,lighthearted,,"","","","","",4.25,,"","","",No
Anna K,Jenny Lee,"",9781250236432,hardcover,to-read,2024/02/10,"","",0,"",,,,,,,,,"",,"",No
Reign,Katharine McGee,"",9780593429747,hardcover,to-read,2024/02/10,"","",0,"",,,,,,,,,"",,"",No
Kingdom of the Wicked,Kerri Maniscalco,"",9780316428453,paperback,to-read,2024/02/10,"","",0,"",,,,,,,,,"",,"",No
Free Food for Millionaires,Min Jin Lee,"",9780446504386,digital,to-read,2024/02/10,"","",0,"",,,,,,,,,"",,"",No
A Darker Shade of Magic,V.E. Schwab,"",9780765376459,hardcover,to-read,2024/02/10,"","",0,"",,,,,,,,,"",,"",No
A Thousand Splendid Suns,Khaled Hosseini,"",9781594489501,hardcover,to-read,2024/02/10,"","",0,"",,,,,,,,,"",,"",No
Not Here to Be Liked,Michelle Quach,"",9780063038363,hardcover,read,2024/02/10,2024/02/20,2024/02/19-2024/02/20,1,lighthearted,,Character,Yes,"","","",3.75,,"","","",No
A Mango-Shaped Space,Wendy Mass,"",9780316058254,paperback,read,2024/02/10,"","",1,"",,,,,,,,,"",,"",No
Everblaze,Shannon Messenger,"",9781442445994,hardcover,read,2024/02/10,"","",1,"",,,,,,,,,"",,"",No
Good Omens,"Terry Pratchett, Neil Gaiman","",9780552167406,paperback,to-read,2024/02/10,"","",0,"",,,,,,,,,"",,"",No
Lonely Castle in the Mirror,Mizuki Tsujimura,Phillip Gabriel (Translator),9780857527271,hardcover,to-read,2024/02/24,"","",0,"",,,,,,,,,"",,"",No
Eros the Bittersweet,Anne Carson,"",9781564781888,paperback,to-read,2024/02/10,"","",0,"",,,,,,,,,"",,"",No
Finna,Nino Cipri,"",9781250245724,digital,to-read,2024/02/10,"","",0,"",,,,,,,,,"",,"",No
Station Eleven,Emily St. John Mandel,"",9780385353304,hardcover,to-read,2024/02/10,"","",0,"",,,,,,,,,"",,"",No
The Foxhole Court,Nora Sakavic,"",9781516801510,paperback,to-read,2024/02/10,"","",0,"",,,,,,,,,"",,"",No
Books for Living,Will Schwalbe,"",9780385353540,hardcover,to-read,2024/02/25,"","",0,"",,,,,,,,,"",,"",No
The Final Gambit,Jennifer Lynn Barnes,"",9780316370950,hardcover,read,2024/02/10,2023/04,2023/04,1,"",,,,,,,,,"",,"",No
The Lost Hero: The Graphic Novel,"Robert Venditti, Rick Riordan","Nate Powell (Illustrator), Orpheus Collar (Illustrator)",9781423162797,hardcover,read,2024/02/10,"","",1,"",,,,,,,,,"",,"",No
The Sea of Monsters: The Graphic Novel,"Robert Venditti, Rick Riordan","Attila Futaki (Illustrator), Tamás Gáspár (Illustrator)",9781423145295,hardcover,read,2024/02/10,"","",1,"",,,,,,,,,"",,"",No
A Tale of Magic...,Chris Colfer,"",9781510202122,paperback,read,2024/02/10,"","",1,"",,,,,,,,,"",,"",No
The Sword of Hades,Rick Riordan,"",9781368099325,digital,read,2024/02/10,"","",1,"",,,,,,,,,"",,"",No
"Rich Dad, Poor Dad",Robert T. Kiyosaki,Sharon Lechter,9780751532715,paperback,to-read,2024/02/10,"","",0,"",,,,,,,,,"",,"",No
The Blood of Olympus,Rick Riordan,"",9781423146735,hardcover,read,2024/02/10,"","",1,"",,,,,,,,,"",,"",No
Fable,Adrienne Young,"",9781250254368,hardcover,to-read,2024/02/10,"","",0,"",,,,,,,,,"",,"",No
The House of Hades,Rick Riordan,"",9781423146728,hardcover,read,2024/02/10,"","",1,"",,,,,,,,,"",,"",No
This Time It's Real,Ann Liang,"",B09ZNTH869,digital,read,2024/02/10,2023/06,2023/06,1,"",,"","","","","",4.5,,"","","",No
The Ultimate Book Hugger's Guide,Chris Colfer,"",9780316523301,hardcover,read,2024/02/10,"","",1,"",,,,,,,,,"",,"",No
"White Cat, Black Dog",Kelly Link,Shaun Tan (Illustrator),9780593449950,hardcover,to-read,2024/02/10,"","",0,"",,,,,,,,,"",,"",No
The Candymakers,Wendy Mass,"",9780316002585,hardcover,read,2024/02/10,"","",1,"",,,,,,,,,"",,"",No
Tonight I'm Someone Else: Essays,Chelsea Hodson,"",,paperback,to-read,2024/02/10,"","",0,"",,,,,,,,,"",,"",No
Crooked Kingdom,Leigh Bardugo,"",9781627792134,hardcover,read,2024/02/10,"","",1,"",,,,,,,,,"",,"",No
Gregor and the Marks of Secret,Suzanne Collins,"",9781338722796,paperback,read,2024/02/10,"","",1,"",,,,,,,,,"",,"",No
Every Soul a Star,Wendy Mass,"",9780316002578,paperback,read,2024/02/10,"","",1,"",,,,,,,,,"",,"",No
The 48 Laws of Power,Robert Greene,"",9780140280197,paperback,read,2024/02/17,2022/10,2022/10,1,"",,,,,,,,,"",,"",No
Space Opera,Catherynne M. Valente,"",9781472115072,hardcover,to-read,2024/02/10,"","",0,"",,,,,,,,,"",,"",No
The Bell Jar,Sylvia Plath,"","",paperback,to-read,2024/02/10,"","",0,"",,,,,,,,,"",,"",No
The School for Good and Evil: The Ever Never Handbook,Soman Chainani,Michael Blank (Illustrator),9780062423054,hardcover,read,2024/02/10,"","",1,"",,,,,,,,,"",,"",No
Empress of Forever: A Novel,Max Gladstone,"",9780765395832,digital,to-read,2024/02/10,"","",0,"",,,,,,,,,"",,"",No
The Kill Order,James Dashner,"",9780385742887,hardcover,read,2024/02/10,"","",1,"",,,,,,,,,"",,"",No
An Author's Odyssey,Chris Colfer,"",9780316383295,hardcover,read,2024/02/10,"","",1,"",,,,,,,,,"",,"",No
Gregor and the Code of Claw,Suzanne Collins,"",9781338722802,paperback,read,2024/02/10,"","",1,"",,,,,,,,,"",,"",No
We Can Be Heroes,Kyrie McCauley,"",9780062885050,hardcover,to-read,2024/02/10,"","",0,"",,,,,,,,,"",,"",No
The Gentleman's Guide to Vice and Virtue,Mackenzi Lee,"",9780062382801,hardcover,to-read,2024/02/10,"","",0,"",,,,,,,,,"",,"",No
The Devotion of Suspect X,Keigo Higashino,Alexander O. Smith (Translator),9780312375065,hardcover,to-read,2024/02/13,"","",0,"",,,,,,,,,"",,"",No
The Hammer of Thor,Rick Riordan,"",9781423163381,paperback,read,2024/02/10,"","",1,"",,,,,,,,,"",,"",No
Assassin's Apprentice,Robin Hobb,"",9780553573398,paperback,to-read,2024/02/10,"","",0,"",,,,,,,,,"",,"",No
Ruin and Rising,Leigh Bardugo,"",9780805094619,hardcover,read,2024/02/10,2021/06,2021/06,1,"",,,,,,,,,"",,"",No
Today Tonight Tomorrow,Rachel Lynn Solomon,"",9781534440241,hardcover,to-read,2024/02/13,"","",0,"",,,,,,,,,"",,"",No
A Grimm Warning,Chris Colfer,"",9780316406819,hardcover,read,2024/02/10,"","",1,"",,,,,,,,,"",,"",No
We Hunt the Flame,Hafsah Faizal,"",9780374311544,hardcover,to-read,2024/02/10,"","",0,"",,,,,,,,,"",,"",No
Island of Fire,Lisa McMann,"",9781442458468,paperback,read,2024/02/10,"","",1,"",,,,,,,,,"",,"",No
Investing All-in-One for Dummies,Eric Tyson,"","",digital,to-read,2024/02/10,"","",0,"",,,,,,,,,"",,"",No
The Son of Neptune: The Graphic Novel,"Robert Venditti, Rick Riordan","Antoine Dodé (Illustrator), Orpheus Collar (Illustrator)",9780141370507,paperback,read,2024/02/10,"","",1,"",,,,,,,,,"",,"",No
Little Fires Everywhere,Celeste Ng,"",9780735224292,hardcover,to-read,2024/02/10,"","",0,"",,,,,,,,,"",,"",No
A Song to Drown Rivers,Ann Liang,"",9781250289469,hardcover,to-read,2024/02/17,"","",0,"",,,,,,,,,"",,"",No
The Hitchhiker's Guide to the Galaxy,Douglas Adams,"",9780345418913,paperback,to-read,2024/02/10,"","",0,"",,,,,,,,,"",,"",No
Nightfall,Shannon Messenger,"",9781481497404,hardcover,read,2024/02/10,"","",1,"",,,,,,,,,"",,"",No
King of Scars,Leigh Bardugo,"",9781250142283,hardcover,to-read,2024/02/10,"","",0,"",,,,,,,,,"",,"",No
The Art of Thinking Clearly,Rolf Dobelli,"",9780062219688,hardcover,to-read,2024/02/10,"","",0,"",,,,,,,,,"",,"",No
Everything I Need I Get from You: How Fangirls Created the Internet as We Know It,Kaitlyn Tiffany,"",9780374539184,paperback,to-read,2024/02/10,"","",0,"",,,,,,,,,"",,"",No
In the Vanishers' Palace,Aliette de Bodard,"",9781625673749,digital,to-read,2024/02/10,"","",0,"",,,,,,,,,"",,"",No
The Once and Future King,T.H. White,"",9780441627400,paperback,to-read,2024/02/10,"","",0,"",,,,,,,,,"",,"",No
Half a Soul,Olivia Atwater,"",B086825NZ3,digital,to-read,2024/02/24,"","",0,"",,,,,,,,,"",,"",No
Crying in H Mart,Michelle Zauner,"",9780525657743,hardcover,to-read,2024/02/10,"","",0,"",,,,,,,,,"",,"",No
All of Us Villains,"C.L. Herman, Amanda Foody","",9781250789259,hardcover,to-read,2024/02/10,"","",0,"",,,,,,,,,"",,"",No
Three Days of Happiness,Sugaru Miaki,"E9L (Illustrator), Stephen Paul (Translator)",9781975314217,hardcover,to-read,2024/02/13,"","",0,"",,,,,,,,,"",,"",No
Julia,Sandra Newman,"",9780063265332,hardcover,to-read,2024/02/24,"","",0,"",,,,,,,,,"",,"",No
Dance of Thieves,Mary E. Pearson,"",9781250159014,hardcover,to-read,2024/02/10,"","",0,"",,,,,,,,,"",,"",No
Atomic Habits: An Easy & Proven Way to Build Good Habits & Break Bad Ones,James Clear,"",9780735211292,hardcover,read,2024/02/17,2022/08,2022/08,1,"",,,,,,,,,"",,"",No
The Fever Code,James Dashner,"",9780553513097,hardcover,read,2024/02/10,"","",1,"",,,,,,,,,"",,"",No
The Naturals,Jennifer Lynn Barnes,"",9780316540629,paperback,read,2024/02/10,2023/07,2023/07,1,"",,,,,,,,,"",,"",No
The Subtle Art of Not Giving a F*ck: A Counterintuitive Approach to Living a Good Life,Mark Manson,"",9780062457714,hardcover,read,2024/02/17,2022/11,2022/11,1,"",,,,,,,,,"",,"",No
Flashback,Shannon Messenger,"",9781481497435,hardcover,read,2024/02/10,"","",1,"",,,,,,,,,"",,"",No
See You Yesterday,Rachel Lynn Solomon,"",9781665901925,hardcover,read,2024/02/13,2024/02/16,2024/02/16-2024/02/16,1,"funny, lighthearted",medium,"","","","","",4.25,,"","","",No
Shadow and Bone,Leigh Bardugo,"",9780805094596,hardcover,read,2024/02/10,2021/06,2021/06,1,"",,,,,,,,,"",,"",No
Exile,Shannon Messenger,"",9781442445970,paperback,read,2024/02/10,"","",1,"",,,,,,,,,"",,"",No
Percy Jackson's Greek Heroes,Rick Riordan,John Rocco (Illustrator),9781484776438,paperback,read,2024/02/10,"","",1,"",,,,,,,,,"",,"",No
Our Violent Ends,Chloe Gong,"",9781529344561,hardcover,read,2024/02/17,2023/05,2023/05,1,"",,,,,,,,,"",,"",No
"The Written World: The Power of Stories to Shape People, History, Civilization",Martin Puchner,"",,,to-read,2024/02/25,"","",0,"",,,,,,,,,"",,"",No
She Who Became the Sun,Shelley Parker-Chan,"",9781250621801,hardcover,to-read,2024/02/17,"","",0,"",,,,,,,,,"",,"",No
"Loveboat, Taipei",Abigail Hing Wen,"",9781471192852,paperback,read,2024/02/10,2023/09,2023/09,1,"",,"","","","","",3.75,,"","","",No
Night Train to the Stars,Kenji Miyazawa,"John Bester (Translator), David Mitchell (Contributor), Kaori Nagai (Contributor)",9781784877767,paperback,to-read,2024/02/24,"","",0,"",,,,,,,,,"",,"",No
One Christmas Eve,Shari Low,"",9781804268797,digital,to-read,2024/02/10,"","",0,"",,,,,,,,,"",,"",No
Loot: How to Steal a Fortune,Jude Watson,"",9780545468022,hardcover,read,2024/02/10,"","",1,"",,,,,,,,,"",,"",No
Legacy,Shannon Messenger,"",9781534427334,hardcover,read,2024/02/10,"","",1,"",,,,,,,,,"",,"",No
Finite and Infinite Games: A Vision of Life as Play and Possibility,James P. Carse,"",9780345341846,paperback,to-read,2024/02/13,"","",0,"",,,,,,,,,"",,"",No
Life of Pi,Yann Martel,"",9780770430078,paperback,to-read,2024/02/10,"","",0,"",,,,,,,,,"",,"",No
Everything I Never Told You,Celeste Ng,"",9781594205712,hardcover,to-read,2024/02/19,"","",0,"",,,,,,,,,"",,"",No
A Man Called Ove,Fredrik Backman,Henning Koch (Translator),9781476738017,hardcover,to-read,2024/02/10,"","",0,"",,,,,,,,,"",,"",No
Catching Fire,Suzanne Collins,"",9780439023498,hardcover,read,2024/02/10,"","",1,"",,,,,,,,,"",,"",No
They Both Die at the End,Adam Silvera,"",9780062457790,hardcover,to-read,2024/02/10,"","",0,"",,,,,,,,,"",,"",No
Opposite of Always,Justin A. Reynolds,"",9780062748379,hardcover,to-read,2024/02/13,"","",0,"",,,,,,,,,"",,"",No
Any Sign of Life,Rae Carson,"",9780062691934,hardcover,to-read,2024/02/10,"","",0,"",,,,,,,,,"",,"",No
A Tale Dark & Grimm,Adam Gidwitz,Hugh D'Andrade (Illustrator),9780525423348,hardcover,read,2024/02/10,"","",1,"",,,,,,,,,"",,"",No
Dragon Rider,Cornelia Funke,"",9781904442486,paperback,read,2024/02/10,"","",1,"",,,,,,,,,"",,"",No
Escape from Mr. Lemoncello's Library,Chris Grabenstein,"",9780307931474,paperback,read,2024/02/10,"","",1,"",,,,,,,,,"",,"",No
A Court of Thorns and Roses,Sarah J. Maas,"",9781619634442,hardcover,to-read,2024/02/10,"","",0,"",,,,,,,,,"",,"",No
Graceling,Kristin Cashore,"",9780152063962,hardcover,read,2024/02/10,2023/07,2023/07,1,"",,"","","","","",3.75,"","","","",No
The Dead Romantics,Ashley Poston,"",9780593336489,paperback,to-read,2024/02/20,"","",0,"",,,,,,,,,"",,"",No
Once Upon a Broken Heart,Stephanie Garber,"",9781250268396,hardcover,to-read,2024/02/24,"","",0,"",,,,,,,,,"",,"",No
Queen Red Riding Hood's Guide to Royalty,Chris Colfer,"",9780349132235,paperback,read,2024/02/10,"","",1,"",,,,,,,,,"",,"",No
Iron Widow,Xiran Jay Zhao,"",9780735269934,hardcover,to-read,2024/02/10,"","",0,"",,,,,,,,,"",,"",No
Wicked Saints,Emily A. Duncan,"",9781250195661,hardcover,to-read,2024/02/10,"","",0,"",,,,,,,,,"",,"",No
Unraveller,Frances Hardinge,"",9781509836970,hardcover,to-read,2024/02/10,"","",0,"",,,,,,,,,"",,"",No
Keeper of the Lost Cities,Shannon Messenger,"",9781442445932,hardcover,read,2024/02/10,"","",1,"",,,,,,,,,"",,"",No
Lodestar,Shannon Messenger,"",9781481474962,paperback,read,2024/02/10,"","",1,"",,,,,,,,,"",,"",No
The House in the Cerulean Sea,TJ Klune,"",9781250217325,digital,currently-reading,2024/02/21,"","",0,"",,,,,,,,,"",,"",No
The Rainbow,Yasunari Kawabata,Haydn Trowell (Translator),9780241542286,paperback,to-read,2024/02/10,"","",0,"",,,,,,,,,"",,"",No
To Kill a Kingdom,Alexandra Christo,"",9781250112682,hardcover,to-read,2024/02/10,"","",0,"",,,,,,,,,"",,"",No
Golden: The Power of Silence in a World of Noise,"Justin Zorn, Leigh Marz","",9780063027602,hardcover,read,2024/02/10,2024/02/07,2024/02/07,1,"",,,,,,,,,"",,"",No
The Beautiful Ones,Silvia Moreno-Garcia,"",9781250099068,hardcover,to-read,2024/02/10,"","",0,"",,,,,,,,,"",,"",No
The Psychology of Money,Morgan Housel,"",,paperback,to-read,2024/02/10,"","",0,"",,,,,,,,,"",,"",No
The Martian,Andy Weir,"",9780804139021,hardcover,to-read,2024/02/10,"","",0,"",,,,,,,,,"",,"",No
This Is How You Lose the Time War,"Max Gladstone, Amal El-Mohtar","",9781534431010,digital,to-read,2024/02/10,"","",0,"",,,,,,,,,"",,"",No
The Bridge Kingdom,Danielle L. Jensen,"",9781733090308,digital,to-read,2024/02/10,"","",0,"",,,,,,,,,"",,"",No
A World Without Princes,Soman Chainani,Iacopo Bruno (Illustrator),9780062104922,hardcover,read,2024/02/10,"","",1,"",,,,,,,,,"",,"",No
"The Long Way to a Small, Angry Planet",Becky Chambers,"",9781500453305,paperback,to-read,2024/02/10,"","",0,"",,,,,,,,,"",,"",No
Realm Breaker,Victoria Aveyard,"",9780062872623,hardcover,to-read,2024/02/10,"","",0,"",,,,,,,,,"",,"",No
A Little Life,Hanya Yanagihara,"",9780804172707,paperback,to-read,2024/02/10,"","",0,"",,,,,,,,,"",,"",No
From Blood and Ash,Jennifer L. Armentrout,"",9781952457012,digital,to-read,2024/02/10,"","",0,"",,,,,,,,,"",,"",No
Aurora Rising,"Jay Kristoff, Amie Kaufman","",9781524720964,hardcover,to-read,2024/02/10,"","",0,"",,,,,,,,,"",,"",No
With Their Eyes: September 11th: The View from a High School at Ground Zero,Annie Thoms,"",9780060517182,paperback,read,2024/02/10,2024/01,2024/01,1,"",,,,,,,,,"",,"",No
Last Violent Call,Chloe Gong,"",9781665934510,hardcover,to-read,2024/02/10,"","",0,"",,,,,,,,,"",,"",No
Bellies,Nicola Dinan,"",9781529900309,digital,to-read,2024/02/24,"","",0,"",,,,,,,,,"",,"",No
I Hope This Doesn't Find You,Ann Liang,"",9781338827156,hardcover,read,2024/02/10,2024/02/17,2024/02/17,1,lighthearted,medium,Character,"","","","",4.25,,"","","",No
In a Glass Grimmly,Adam Gidwitz,Hugh D'Andrade (Illustrator),9780525425816,hardcover,read,2024/02/10,"","",1,"",,,,,,,,,"",,"",No
The Titan's Curse: The Graphic Novel,"Robert Venditti, Rick Riordan","Gregory Guilhaumond (Illustrator), Attila Futaki (Illustrator)",9781423145301,hardcover,read,2024/02/10,"","",1,"",,,,,,,,,"",,"",No
The Ocean at the End of the Lane,Neil Gaiman,"",9780062255655,hardcover,to-read,2024/02/10,"","",0,"",,,,,,,,,"",,"",No
Blackout,"Angie Thomas, Dhonielle Clayton, Ashley Woodfolk, Nic Stone, Nicola Yoon, Tiffany D. Jackson","",9780063088092,hardcover,to-read,2024/02/10,"","",0,"",,,,,,,,,"",,"",No
"The Tunnel to Summer, the Exit of Goodbyes",Mei Hachimoku,"Kukka (Illustrator), Evan Ward (Translator)",9781638584155,paperback,to-read,2024/02/13,"","",0,"",,,,,,,,,"",,"",No
Piranesi,Susanna Clarke,"",9781635575637,hardcover,to-read,2024/02/24,"","",0,"",,,,,,,,,"",,"",No
If You Could See the Sun,Ann Liang,"",9781335915849,hardcover,read,2024/02/10,2023/04,2023/04,1,"",,"","","","","",4.25,,"","","",No
The Son of Neptune,Rick Riordan,"",9781423140597,hardcover,read,2024/02/10,"","",1,"",,,,,,,,,"",,"",No
The Getaway List,Emma Lord,"",9781250903990,hardcover,read,2024/02/10,2024/02/27,2024/02/25-2024/02/27,1,lighthearted,,Character,"","","","",3.75,,"","","",No
Witchmark,C.L. Polk,"",9781250162687,paperback,to-read,2024/02/10,"","",0,"",,,,,,,,,"",,"",No
To Kill a Mockingbird,Harper Lee,"",9780060935467,paperback,read,2024/02/10,"","",1,"",,,,,,,,,"",,"",No
The Brothers Hawthorne,Jennifer Lynn Barnes,"",9780316480772,hardcover,to-read,2024/02/10,"","",0,"",,,,,,,,,"",,"",No
The Travelling Cat Chronicles,Hiro Arikawa,Philip Gabriel (Translator),9780451491336,hardcover,to-read,2024/02/24,"","",0,"",,,,,,,,,"",,"",No
Six of Crows,Leigh Bardugo,"",9781627792127,hardcover,read,2024/02/10,2021,2021,1,"",,"","","","","",4.75,"","","","",No
The School for Good and Evil,Soman Chainani,Iacopo Bruno (Illustrator),9780062104908,paperback,read,2024/02/10,"","",1,"",,,,,,,,,"",,"",No
Defy the Night,Brigid Kemmerer,"",9781547604678,digital,to-read,2024/02/24,"","",0,"",,,,,,,,,"",,"",No
Starry River of the Sky,Grace Lin,"",9780316125956,hardcover,read,2024/02/10,"","",1,"",,"","","","","",4.5,"","","","",No
"The Greatest Beer Run Ever: A Memoir of Friendship, Loyalty, and War","John Chick Donohue, J. T. Molloy","",9780062995469,hardcover,to-read,2024/02/10,"","",0,"",,,,,,,,,"",,"",No
I Will Teach You to Be Rich: No Guilt. No Excuses. No BS. Just a 6-Week Program That Works,Ramit Sethi,"",,,to-read,2024/02/10,"","",0,"",,,,,,,,,"",,"",No
Under the Whispering Door,TJ Klune,"",9781250217349,hardcover,to-read,2024/02/24,"","",0,"",,,,,,,,,"",,"",No
Breath: The New Science of a Lost Art,James Nestor,"",9780735213616,hardcover,to-read,2024/02/24,"","",0,"",,,,,,,,,"",,"",No
The Lightning Thief,Rick Riordan,Victo Ngai (Illustrator),9781368051477,paperback,read,2024/02/10,"","",1,"",,,,,,,,,"",,"",No
Yours Truly,Abby Jimenez,"",9781538704394,paperback,to-read,2024/02/20,"","",0,"",,,,,,,,,"",,"",No
The Girl Who Fell Beneath the Sea,Axie Oh,"",9781250780867,hardcover,to-read,2024/02/10,"","",0,"",,,,,,,,,"",,"",No
The Night Circus,Erin Morgenstern,"",9780385534635,hardcover,to-read,2024/02/10,"","",0,"",,,,,,,,,"",,"",No
There's No Such Thing as an Easy Job,Kikuko Tsumura,Polly Barton (Translator),9781526622242,paperback,to-read,2024/02/10,"","",0,"",,,,,,,,,"",,"",No
Siege and Storm,Leigh Bardugo,"",9780805094602,hardcover,read,2024/02/10,2021/06,2021/06,1,"",,,,,,,,,"",,"",No
The Cruel Prince,Holly Black,"",9780316310277,hardcover,to-read,2024/02/10,"","",0,"",,,,,,,,,"",,"",No
Jade City,Fonda Lee,"",9780316440882,paperback,to-read,2024/02/10,"","",0,"",,,,,,,,,"",,"",No
365 Days of Wonder: Mr. Browne's Book of Precepts,R.J. Palacio,"",9780553499049,hardcover,read,2024/02/10,"","",1,"",,,,,,,,,"",,"",No
The Grisha Trilogy,Leigh Bardugo,"","",digital,read,2024/02/10,"","",1,"",,,,,,,,,"",,"",No
Gregor and the Curse of the Warmbloods,Suzanne Collins,"",9781338722789,paperback,read,2024/02/10,"","",1,"",,,,,,,,,"",,"",No
The Very Secret Society of Irregular Witches,Sangu Mandanna,"",9780593439357,paperback,to-read,2024/02/24,"","",0,"",,,,,,,,,"",,"",No
More Than This,Patrick Ness,"",9781406350487,paperback,to-read,2024/02/10,"","",0,"",,,,,,,,,"",,"",No
Falling Kingdoms,Morgan Rhodes,"",9781595145840,hardcover,to-read,2024/02/10,"","",0,"",,,,,,,,,"",,"",No
Give and Take: Why Helping Others Drives Our Success,Adam M. Grant,"",9780670026555,hardcover,to-read,2024/02/13,"","",0,"",,,,,,,,,"",,"",No
Percy Jackson & the Olympians: The Ultimate Guide,Rick Riordan,Mary-Jane Knight,9780594035954,hardcover,read,2024/02/10,"","",1,"",,,,,,,,,"",,"",No
The Son of Sobek,Rick Riordan,"",9781423188100,digital,read,2024/02/10,"","",1,"",,,,,,,,,"",,"",No
The Battle of the Labyrinth,Rick Riordan,"",9781368051460,paperback,read,2024/02/10,"","",1,"",,,,,,,,,"",,"",No
The Seven Husbands of Evelyn Hugo,Taylor Jenkins Reid,"",9781501139239,hardcover,to-read,2024/02/10,"","",0,"",,,,,,,,,"",,"",No
House of Many Ways,Diana Wynne Jones,"",9780061477959,hardcover,to-read,2024/02/24,"","",0,"",,,,,,,,,"",,"",No
Mr. Lemoncello's Library Olympics,Chris Grabenstein,"",9780553510409,hardcover,read,2024/02/10,"","",1,"",,,,,,,,,"",,"",No
How We Disappeared,Jing-Jing Lee,"",9781335953759,hardcover,to-read,2024/02/10,"","",0,"",,,,,,,,,"",,"",No
The Scorch Trials,James Dashner,"",9780385738750,hardcover,read,2024/02/10,"","",1,"",,,,,,,,,"",,"",No
When Women Were Dragons,Kelly Barnhill,"",9780385548229,hardcover,to-read,2024/02/10,"","",0,"",,,,,,,,,"",,"",No
Worlds Collide,Chris Colfer,Brandon Dorman (Illustrator),9780316355896,hardcover,read,2024/02/10,"","",1,"",,,,,,,,,"",,"",No
The Mark of Athena,Rick Riordan,Nilah Magruder (Illustrator),9781368051422,paperback,read,2024/02/10,"","",1,"",,,,,,,,,"",,"",No
Daughter of the Deep,Rick Riordan,"",9781368077927,hardcover,to-read,2024/02/10,"","",0,"",,,,,,,,,"",,"",No
Jeremy Fink and the Meaning of Life,Wendy Mass,"",9780316058490,paperback,read,2024/02/10,"","",1,"",,,,,,,,,"",,"",No
Just Kids,Patti Smith,"",9780066211312,hardcover,to-read,2024/02/24,"","",0,"",,,,,,,,,"",,"",No
Kafka on the Shore,Haruki Murakami,"",9781400079278,paperback,to-read,2024/02/24,"","",0,"",,,,,,,,,"",,"",No
The City of Brass,S.A. Chakraborty,"",9780062678102,hardcover,to-read,2024/02/10,"","",0,"",,,,,,,,,"",,"",No
Yolk,Mary H.K. Choi,"",9781534446021,digital,to-read,2024/02/10,"","",0,"",,,,,,,,,"",,"",No
"Red, White & Royal Blue",Casey McQuiston,"",9781250316776,paperback,read,2024/02/10,2023/07,2023/07,1,"",,"","","","","",4.75,"","","","",No
The Midnight Library,Matt Haig,"",9780525559474,hardcover,read,2024/02/10,2023,2023-2023,1,"",,,,,,,,,"",,"",No
The Ballad of Songbirds and Snakes,Suzanne Collins,"",9781338635171,hardcover,read,2024/02/10,2023,2023-2023,1,"",,,,,,,,,"",,"",No
A Clockwork Orange,Anthony Burgess,"",9780393341768,paperback,to-read,2024/02/10,"","",0,"",,,,,,,,,"",,"",No
The Sword of Summer,Rick Riordan,"",9780141342412,hardcover,read,2024/02/10,"","",1,"",,,,,,,,,"",,"",No
When the Sea Turned to Silver,Grace Lin,"",9780316125925,hardcover,read,2024/02/10,"","",1,"",,"","","","","",4.5,"","","","",No
Frostblood,Elly Blake,"",9780316273251,hardcover,to-read,2024/02/10,"","",0,"",,,,,,,,,"",,"",No
Ocean's Godori,Elaine U. Cho,"",9781638930594,hardcover,to-read,2024/02/18,"","",0,"",,,,,,,,,"",,"",No
Camp Half-Blood Confidential,Rick Riordan,"",9781484785553,hardcover,read,2024/02/10,"","",1,"",,,,,,,,,"",,"",No
The Golden Compass,Philip Pullman,"",9780679879244,hardcover,to-read,2024/02/10,"","",0,"",,,,,,,,,"",,"",No
A Tale of Witchcraft...,Chris Colfer,"",9781510202191,hardcover,read,2024/02/11,2024/02/10,2024/02/10,1,"funny, lighthearted",medium,"","","","","",4.0,,"","","",No
The Reason I Jump: The Inner Voice of a Thirteen-Year-Old Boy with Autism,Naoki Higashida,Ka Yoshida (Translator),9780812994865,hardcover,to-read,2024/02/13,"","",0,"",,,,,,,,,"",,"",No
The Candymakers and the Great Chocolate Chase,Wendy Mass,"",9780316089197,hardcover,read,2024/02/10,"","",1,"",,,,,,,,,"",,"",No
The Death Cure,James Dashner,"",9780385738781,paperback,read,2024/02/10,"","",1,"",,,,,,,,,"",,"",No
Binti,Nnedi Okorafor,"",9780765384461,digital,to-read,2024/02/10,"","",0,"",,,,,,,,,"",,"",No
A Psalm for the Wild-Built,Becky Chambers,"",9781250236210,hardcover,to-read,2024/02/21,"","",0,"",,,,,,,,,"",,"",No
Sting,Jude Watson,"",,,read,2024/02/10,"","",1,"",,,,,,,,,"",,"",No
The Inheritance Games,Jennifer Lynn Barnes,"",9781368052405,hardcover,read,2024/02/10,2023/04,2023/04,1,"",,,,,,,,,"",,"",No
Beyond the Kingdoms,Chris Colfer,"",9780316347112,hardcover,read,2024/02/10,"","",1,"",,,,,,,,,"",,"",No
"This book will teach you how to write better: Learn how to get what you want, increase your conversion rates, and make it easier to write anything",Neville Medhora,"",9780989895309,paperback,to-read,2024/02/10,"","",0,"",,,,,,,,,"",,"",No
Where the Mountain Meets the Moon,Grace Lin,"",9780316114271,hardcover,read,2024/02/10,"","",1,"",,"","","","","",4.5,"","","","",No
Why Buddhism is True: The Science and Philosophy of Meditation and Enlightenment,Robert Wright,Fred Sanders (Narrator),9781508235408,audio,to-read,2024/02/10,"","",0,"",,,,,,,,,"",,"",No
A Little History of Philosophy,Nigel Warburton,"",9780300152081,hardcover,to-read,2024/02/10,"","",0,"",,,,,,,,,"",,"",No
The Hawthorne Legacy,Jennifer Lynn Barnes,"",9780759557635,hardcover,read,2024/02/10,2023/04,2023/04,1,"",,,,,,,,,"",,"",No
Last of Her Name,Jessica Khoury,"",9781338243369,hardcover,to-read,2024/02/10,"","",0,"",,,,,,,,,"",,"",No
The Maze Runner,James Dashner,"",9780385737944,hardcover,read,2024/02/10,"","",1,"",,,,,,,,,"",,"",No
The Grandest Game,Jennifer Lynn Barnes,"",9780316481014,hardcover,to-read,2024/02/10,"","",0,"",,,,,,,,,"",,"",No
Here I Am,Jonathan Safran Foer,"",9780241146187,paperback,to-read,2024/02/10,"","",0,"",,,,,,,,,"",,"",No
If We Were Villains,M.L. Rio,"",9781250095282,hardcover,to-read,2024/02/10,"","",0,"",,,,,,,,,"",,"",No
Bad Blood,Jennifer Lynn Barnes,"",9780316540865,paperback,read,2024/02/10,2023/07,2023/07,1,"",,,,,,,,,"",,"",No
The Wrath & the Dawn,Renée Ahdieh,"",9780399171611,hardcover,read,2024/02/10,"","",1,"",,,,,,,,,"",,"",No
The Curvy Tree,Chris Colfer,Brandon Dorman (Illustrator),9780316406857,hardcover,read,2024/02/10,"","",1,"",,,,,,,,,"",,"",No
In Memoriam,Alice Winn,"",9780593534571,digital,to-read,2024/02/24,"","",0,"",,,,,,,,,"",,"",No
The Secret History,Donna Tartt,"",9781400031702,paperback,to-read,2024/02/10,"","",0,"",,,,,,,,,"",,"",No
Less,Andrew Sean Greer,"",9780316316125,hardcover,to-read,2024/02/10,"","",0,"",,,,,,,,,"",,"",No
Illuminae,"Jay Kristoff, Amie Kaufman","",9780553499117,hardcover,to-read,2024/02/20,"","",0,"",,,,,,,,,"",,"",No
The Throne of Fire,Rick Riordan,Matt Griffin (Illustrator),9781368013598,paperback,read,2024/02/10,"","",1,"",,,,,,,,,"",,"",No
A Climb to the Top: Communication & Leadership Tactics to Take Your Career to New Heights,Chuck Garcia,"",9781599326887,hardcover,to-read,2024/02/10,"","",0,"",,,,,,,,,"",,"",No
Fake Dates and Mooncakes,Sher Lee,"",9780593569955,paperback,read,2024/02/10,2024/02/22,2024/02/22,1,lighthearted,,"","","","","",3.5,,"","","",No
The New Life,Tom Crewe,"",9781784744694,hardcover,to-read,2024/02/24,"","",0,"",,,,,,,,,"",,"",No
The Dark Prophecy,Rick Riordan,"",9781484746424,paperback,read,2024/02/10,"","",1,"",,,,,,,,,"",,"",No
Percy Jackson's Greek Gods,Rick Riordan,John Rocco (Illustrator),9781484712375,paperback,read,2024/02/10,"","",1,"",,,,,,,,,"",,"",No
Mistborn,Brandon Sanderson,"",9781429914567,digital,to-read,2024/02/10,"","",0,"",,,,,,,,,"",,"",No
When We Were Orphans,Kazuo Ishiguro,Michael Maloney (Narrator),9780571225408,paperback,to-read,2024/02/10,"","",0,"",,,,,,,,,"",,"",No
